station,province,latitude,longitude,recorded_date,month,day_of_year_sin,day_of_year_cos,river_discharge_today,river_discharge_avg_3d,river_discharge_avg_7d,rain_today_mm,rain_3d_mm,rain_7d_mm,dry_days_7d,province_label_avg_salinity,station_label_avg_salinity,salinity_gpl,label_source,feature_sources
Ganh Hao,bac-lieu,9.251200,105.714400,2024-01-15,1,0.25535330,0.96684781,0.06000000,0.06666667,0.08000000,0.00000000,0.00000000,0.00000000,7,20.62333333,21.80000000,12.50000000,historical_station_dataset,open-meteo:river_discharge|nasa-power:PRECTOTCORR
Ganh Hao,bac-lieu,9.251200,105.714400,2024-01-30,1,0.49377555,0.86958939,0.00000000,0.00000000,0.00000000,0.00000000,0.00000000,0.00000000,7,20.62333333,21.80000000,14.20000000,historical_station_dataset,open-meteo:river_discharge|nasa-power:PRECTOTCORR
Ganh Hao,bac-lieu,9.251200,105.714400,2024-02-15,2,0.71165662,0.70252747,0.00000000,0.00000000,0.00000000,0.00000000,0.00000000,0.00000000,7,20.62333333,21.80000000,16.80000000,historical_station_dataset,open-meteo:river_discharge|nasa-power:PRECTOTCORR
Ganh Hao,bac-lieu,9.251200,105.714400,2024-02-28,2,0.84981709,0.52707771,0.00000000,0.00000000,0.00000000,0.00000000,0.00000000,0.00000000,7,20.62333333,21.80000000,19.50000000,historical_station_dataset,open-meteo:river_discharge|nasa-power:PRECTOTCORR
Ganh Hao,bac-lieu,9.251200,105.714400,2024-03-10,3,0.93383723,0.35769824,0.00000000,0.00000000,0.00000000,0.00000000,0.00000000,0.00000000,7,20.62333333,21.80000000,22.10000000,historical_station_dataset,open-meteo:river_discharge|nasa-power:PRECTOTCORR
Ganh Hao,bac-lieu,9.251200,105.714400,2024-03-15,3,0.96112978,0.27609697,0.00000000,0.00000000,0.00000000,0.00000000,0.12000000,0.13000000,7,20.62333333,21.80000000,24.30000000,historical_station_dataset,open-meteo:river_discharge|nasa-power:PRECTOTCORR
Ganh Hao,bac-lieu,9.251200,105.714400,2024-03-20,3,0.98130647,0.19245158,0.00000000,0.00000000,0.00000000,0.00000000,0.00000000,0.04000000,7,20.62333333,21.80000000,25.80000000,historical_station_dataset,open-meteo:river_discharge|nasa-power:PRECTOTCORR
Ganh Hao,bac-lieu,9.251200,105.714400,2024-03-25,3,0.99421791,0.10738135,0.00000000,0.00000000,0.00000000,0.03000000,0.39000000,0.45000000,7,20.62333333,21.80000000,24.90000000,historical_station_dataset,open-meteo:river_discharge|nasa-power:PRECTOTCORR
Ganh Hao,bac-lieu,9.251200,105.714400,2024-03-30,3,0.99976850,0.02151610,0.00000000,0.00000000,0.00000000,0.17000000,0.44000000,0.55000000,7,20.62333333,21.80000000,26.20000000,historical_station_dataset,open-meteo:river_discharge|nasa-power:PRECTOTCORR
Ganh Hao,bac-lieu,9.251200,105.714400,2024-04-05,4,0.99665890,-0.08167640,0.00000000,0.00000000,0.00000000,0.07000000,0.25000000,2.91000000,6,20.62333333,21.80000000,27.50000000,historical_station_dataset,open-meteo:river_discharge|nasa-power:PRECTOTCORR
Ganh Hao,bac-lieu,9.251200,105.714400,2024-04-10,4,0.98594815,-0.16705163,0.00000000,0.00000000,0.00000000,0.00000000,0.00000000,0.10000000,7,20.62333333,21.80000000,28.10000000,historical_station_dataset,open-meteo:river_discharge|nasa-power:PRECTOTCORR
Ganh Hao,bac-lieu,9.251200,105.714400,2024-04-15,4,0.96793778,-0.25119006,0.00000000,0.00000000,0.00000000,0.02000000,0.09000000,0.20000000,7,20.62333333,21.80000000,26.70000000,historical_station_dataset,open-meteo:river_discharge|nasa-power:PRECTOTCORR
Ganh Hao,bac-lieu,9.251200,105.714400,2024-04-20,4,0.94276114,-0.33346878,0.00000000,0.00000000,0.00000000,0.00000000,0.00000000,0.06000000,7,20.62333333,21.80000000,23.40000000,historical_station_dataset,open-meteo:river_discharge|nasa-power:PRECTOTCORR
Ganh Hao,bac-lieu,9.251200,105.714400,2024-04-25,4,0.91060463,-0.41327861,0.00000000,0.00000000,0.00000000,0.00000000,0.00000000,0.00000000,7,20.62333333,21.80000000,19.80000000,historical_station_dataset,open-meteo:river_discharge|nasa-power:PRECTOTCORR
Ganh Hao,bac-lieu,9.251200,105.714400,2024-04-30,4,0.87170632,-0.49002867,0.00000000,0.00000000,0.00000000,0.71000000,0.73000000,0.74000000,7,20.62333333,21.80000000,15.20000000,historical_station_dataset,open-meteo:river_discharge|nasa-power:PRECTOTCORR
Dai Ngai,soc-trang,9.658300,106.064200,2024-01-15,1,0.25535330,0.96684781,0.00000000,0.00666667,0.01714286,0.00000000,0.00000000,0.00000000,7,10.21333333,6.00666667,1.20000000,historical_station_dataset,open-meteo:river_discharge|nasa-power:PRECTOTCORR
Dai Ngai,soc-trang,9.658300,106.064200,2024-01-30,1,0.49377555,0.86958939,0.00000000,0.00000000,0.00000000,0.00000000,0.00000000,0.00000000,7,10.21333333,6.00666667,2.10000000,historical_station_dataset,open-meteo:river_discharge|nasa-power:PRECTOTCORR
Dai Ngai,soc-trang,9.658300,106.064200,2024-02-15,2,0.71165662,0.70252747,0.00000000,0.00000000,0.00000000,0.00000000,0.00000000,0.00000000,7,10.21333333,6.00666667,3.50000000,historical_station_dataset,open-meteo:river_discharge|nasa-power:PRECTOTCORR
Dai Ngai,soc-trang,9.658300,106.064200,2024-02-28,2,0.84981709,0.52707771,0.00000000,0.00000000,0.00000000,0.00000000,0.00000000,0.00000000,7,10.21333333,6.00666667,4.80000000,historical_station_dataset,open-meteo:river_discharge|nasa-power:PRECTOTCORR
Dai Ngai,soc-trang,9.658300,106.064200,2024-03-10,3,0.93383723,0.35769824,0.00000000,0.00000000,0.00000000,0.00000000,0.00000000,0.00000000,7,10.21333333,6.00666667,5.90000000,historical_station_dataset,open-meteo:river_discharge|nasa-power:PRECTOTCORR
Dai Ngai,soc-trang,9.658300,106.064200,2024-03-15,3,0.96112978,0.27609697,0.00000000,0.00000000,0.00000000,0.00000000,0.01000000,0.01000000,7,10.21333333,6.00666667,6.80000000,historical_station_dataset,open-meteo:river_discharge|nasa-power:PRECTOTCORR
Dai Ngai,soc-trang,9.658300,106.064200,2024-03-20,3,0.98130647,0.19245158,0.00000000,0.00000000,0.00000000,0.00000000,0.00000000,0.01000000,7,10.21333333,6.00666667,8.20000000,historical_station_dataset,open-meteo:river_discharge|nasa-power:PRECTOTCORR
Dai Ngai,soc-trang,9.658300,106.064200,2024-03-25,3,0.99421791,0.10738135,0.00000000,0.00000000,0.00000000,0.08000000,0.30000000,0.37000000,7,10.21333333,6.00666667,7.40000000,historical_station_dataset,open-meteo:river_discharge|nasa-power:PRECTOTCORR
Dai Ngai,soc-trang,9.658300,106.064200,2024-03-30,3,0.99976850,0.02151610,0.00000000,0.00000000,0.00000000,0.13000000,0.52000000,0.76000000,7,10.21333333,6.00666667,8.90000000,historical_station_dataset,open-meteo:river_discharge|nasa-power:PRECTOTCORR
Dai Ngai,soc-trang,9.658300,106.064200,2024-04-05,4,0.99665890,-0.08167640,0.00000000,0.00000000,0.00000000,0.11000000,0.46000000,1.77000000,7,10.21333333,6.00666667,9.50000000,historical_station_dataset,open-meteo:river_discharge|nasa-power:PRECTOTCORR
Dai Ngai,soc-trang,9.658300,106.064200,2024-04-10,4,0.98594815,-0.16705163,0.00000000,0.00000000,0.00000000,0.00000000,0.00000000,0.22000000,7,10.21333333,6.00666667,10.20000000,historical_station_dataset,open-meteo:river_discharge|nasa-power:PRECTOTCORR
Dai Ngai,soc-trang,9.658300,106.064200,2024-04-15,4,0.96793778,-0.25119006,0.02000000,0.02000000,0.00857143,0.08000000,0.22000000,0.44000000,7,10.21333333,6.00666667,8.70000000,historical_station_dataset,open-meteo:river_discharge|nasa-power:PRECTOTCORR
Dai Ngai,soc-trang,9.658300,106.064200,2024-04-20,4,0.94276114,-0.33346878,0.03000000,0.02666667,0.02285714,0.00000000,0.00000000,0.19000000,7,10.21333333,6.00666667,6.10000000,historical_station_dataset,open-meteo:river_discharge|nasa-power:PRECTOTCORR
Dai Ngai,soc-trang,9.658300,106.064200,2024-04-25,4,0.91060463,-0.41327861,0.05000000,0.04333333,0.03571429,0.00000000,0.00000000,0.00000000,7,10.21333333,6.00666667,4.30000000,historical_station_dataset,open-meteo:river_discharge|nasa-power:PRECTOTCORR
Dai Ngai,soc-trang,9.658300,106.064200,2024-04-30,4,0.87170632,-0.49002867,0.05000000,0.05000000,0.05000000,0.14000000,0.17000000,0.20000000,7,10.21333333,6.00666667,2.50000000,historical_station_dataset,open-meteo:river_discharge|nasa-power:PRECTOTCORR
Ben Trai,tra-vinh,9.845100,106.362200,2024-01-15,1,0.25535330,0.96684781,3.24000000,3.26666667,3.31428571,0.00000000,0.00000000,0.00000000,7,6.88666667,8.56000000,2.10000000,historical_station_dataset,open-meteo:river_discharge|nasa-power:PRECTOTCORR
Ben Trai,tra-vinh,9.845100,106.362200,2024-01-30,1,0.49377555,0.86958939,2.91000000,2.92666667,2.97714286,0.00000000,0.00000000,0.00000000,7,6.88666667,8.56000000,3.40000000,historical_station_dataset,open-meteo:river_discharge|nasa-power:PRECTOTCORR
Ben Trai,tra-vinh,9.845100,106.362200,2024-02-15,2,0.71165662,0.70252747,2.45000000,2.47333333,2.56000000,0.00000000,0.00000000,0.00000000,7,6.88666667,8.56000000,4.90000000,historical_station_dataset,open-meteo:river_discharge|nasa-power:PRECTOTCORR
Ben Trai,tra-vinh,9.845100,106.362200,2024-02-28,2,0.84981709,0.52707771,2.16000000,2.20000000,2.31142857,0.00000000,0.00000000,0.00000000,7,6.88666667,8.56000000,6.80000000,historical_station_dataset,open-meteo:river_discharge|nasa-power:PRECTOTCORR
Ben Trai,tra-vinh,9.845100,106.362200,2024-03-10,3,0.93383723,0.35769824,2.01000000,2.09000000,2.13142857,0.00000000,0.00000000,0.00000000,7,6.88666667,8.56000000,8.20000000,historical_station_dataset,open-meteo:river_discharge|nasa-power:PRECTOTCORR
Ben Trai,tra-vinh,9.845100,106.362200,2024-03-15,3,0.96112978,0.27609697,0.39000000,0.39666667,0.91285714,0.00000000,0.01000000,0.01000000,7,6.88666667,8.56000000,9.50000000,historical_station_dataset,open-meteo:river_discharge|nasa-power:PRECTOTCORR
Ben Trai,tra-vinh,9.845100,106.362200,2024-03-20,3,0.98130647,0.19245158,0.37000000,0.37000000,0.37857143,0.00000000,0.00000000,0.00000000,7,6.88666667,8.56000000,11.20000000,historical_station_dataset,open-meteo:river_discharge|nasa-power:PRECTOTCORR
Ben Trai,tra-vinh,9.845100,106.362200,2024-03-25,3,0.99421791,0.10738135,0.36000000,0.36000000,0.36428571,0.05000000,0.33000000,0.37000000,7,6.88666667,8.56000000,10.10000000,historical_station_dataset,open-meteo:river_discharge|nasa-power:PRECTOTCORR
Ben Trai,tra-vinh,9.845100,106.362200,2024-03-30,3,0.99976850,0.02151610,0.34000000,0.34000000,0.35142857,0.05000000,0.25000000,0.35000000,7,6.88666667,8.56000000,12.40000000,historical_station_dataset,open-meteo:river_discharge|nasa-power:PRECTOTCORR
Ben Trai,tra-vinh,9.845100,106.362200,2024-04-05,4,0.99665890,-0.08167640,0.94000000,0.83000000,0.60285714,0.10000000,1.59000000,2.82000000,6,6.88666667,8.56000000,13.80000000,historical_station_dataset,open-meteo:river_discharge|nasa-power:PRECTOTCORR
Ben Trai,tra-vinh,9.845100,106.362200,2024-04-10,4,0.98594815,-0.16705163,1.34000000,1.26666667,1.10142857,0.00000000,0.00000000,0.19000000,7,6.88666667,8.56000000,14.50000000,historical_station_dataset,open-meteo:river_discharge|nasa-power:PRECTOTCORR
Ben Trai,tra-vinh,9.845100,106.362200,2024-04-15,4,0.96793778,-0.25119006,1.59000000,1.55666667,1.44571429,0.05000000,0.12000000,0.24000000,7,6.88666667,8.56000000,12.10000000,historical_station_dataset,open-meteo:river_discharge|nasa-power:PRECTOTCORR
Ben Trai,tra-vinh,9.845100,106.362200,2024-04-20,4,0.94276114,-0.33346878,1.77000000,1.73666667,1.66714286,0.00000000,0.00000000,0.12000000,7,6.88666667,8.56000000,9.40000000,historical_station_dataset,open-meteo:river_discharge|nasa-power:PRECTOTCORR
Ben Trai,tra-vinh,9.845100,106.362200,2024-04-25,4,0.91060463,-0.41327861,1.86000000,1.84000000,1.80285714,0.00000000,0.00000000,0.00000000,7,6.88666667,8.56000000,6.20000000,historical_station_dataset,open-meteo:river_discharge|nasa-power:PRECTOTCORR
Ben Trai,tra-vinh,9.845100,106.362200,2024-04-30,4,0.87170632,-0.49002867,1.94000000,1.92000000,1.89000000,0.14000000,0.15000000,0.16000000,7,6.88666667,8.56000000,3.80000000,historical_station_dataset,open-meteo:river_discharge|nasa-power:PRECTOTCORR
Cai Lon,kien-giang,9.882400,105.185200,2024-01-15,1,0.25535330,0.96684781,0.11000000,0.12333333,0.14142857,0.08000000,0.09000000,0.17000000,7,3.84000000,3.84000000,0.50000000,historical_station_dataset,open-meteo:river_discharge|nasa-power:PRECTOTCORR
Cai Lon,kien-giang,9.882400,105.185200,2024-01-30,1,0.49377555,0.86958939,0.08000000,0.08000000,0.08000000,0.01000000,0.01000000,0.14000000,7,3.84000000,3.84000000,0.90000000,historical_station_dataset,open-meteo:river_discharge|nasa-power:PRECTOTCORR
Cai Lon,kien-giang,9.882400,105.185200,2024-02-15,2,0.71165662,0.70252747,0.08000000,0.08000000,0.08000000,0.00000000,0.00000000,0.17000000,7,3.84000000,3.84000000,1.80000000,historical_station_dataset,open-meteo:river_discharge|nasa-power:PRECTOTCORR
Cai Lon,kien-giang,9.882400,105.185200,2024-02-28,2,0.84981709,0.52707771,0.08000000,0.08000000,0.08000000,0.19000000,0.60000000,0.66000000,7,3.84000000,3.84000000,2.70000000,historical_station_dataset,open-meteo:river_discharge|nasa-power:PRECTOTCORR
Cai Lon,kien-giang,9.882400,105.185200,2024-03-10,3,0.93383723,0.35769824,0.08000000,0.08000000,0.08000000,0.04000000,0.07000000,0.45000000,7,3.84000000,3.84000000,3.60000000,historical_station_dataset,open-meteo:river_discharge|nasa-power:PRECTOTCORR
Cai Lon,kien-giang,9.882400,105.185200,2024-03-15,3,0.96112978,0.27609697,0.06000000,0.06666667,0.07428571,0.15000000,1.88000000,2.31000000,7,3.84000000,3.84000000,4.20000000,historical_station_dataset,open-meteo:river_discharge|nasa-power:PRECTOTCORR
Cai Lon,kien-giang,9.882400,105.185200,2024-03-20,3,0.98130647,0.19245158,0.06000000,0.06000000,0.06000000,0.00000000,0.00000000,1.11000000,7,3.84000000,3.84000000,5.50000000,historical_station_dataset,open-meteo:river_discharge|nasa-power:PRECTOTCORR
Cai Lon,kien-giang,9.882400,105.185200,2024-03-25,3,0.99421791,0.10738135,0.06000000,0.06000000,0.06000000,0.00000000,0.43000000,0.61000000,7,3.84000000,3.84000000,4.90000000,historical_station_dataset,open-meteo:river_discharge|nasa-power:PRECTOTCORR
Cai Lon,kien-giang,9.882400,105.185200,2024-03-30,3,0.99976850,0.02151610,0.05000000,0.05000000,0.05285714,1.44000000,2.66000000,2.91000000,6,3.84000000,3.84000000,6.10000000,historical_station_dataset,open-meteo:river_discharge|nasa-power:PRECTOTCORR
Cai Lon,kien-giang,9.882400,105.185200,2024-04-05,4,0.99665890,-0.08167640,0.30000000,0.25666667,0.16142857,0.02000000,0.22000000,8.70000000,5,3.84000000,3.84000000,6.80000000,historical_station_dataset,open-meteo:river_discharge|nasa-power:PRECTOTCORR
Cai Lon,kien-giang,9.882400,105.185200,2024-04-10,4,0.98594815,-0.16705163,0.41000000,0.39000000,0.34428571,0.03000000,0.08000000,0.16000000,7,3.84000000,3.84000000,7.20000000,historical_station_dataset,open-meteo:river_discharge|nasa-power:PRECTOTCORR
Cai Lon,kien-giang,9.882400,105.185200,2024-04-15,4,0.96793778,-0.25119006,0.47000000,0.46333333,0.43571429,0.01000000,0.18000000,0.56000000,7,3.84000000,3.84000000,5.80000000,historical_station_dataset,open-meteo:river_discharge|nasa-power:PRECTOTCORR
Cai Lon,kien-giang,9.882400,105.185200,2024-04-20,4,0.94276114,-0.33346878,0.52000000,0.50666667,0.49142857,0.02000000,0.13000000,0.70000000,7,3.84000000,3.84000000,4.10000000,historical_station_dataset,open-meteo:river_discharge|nasa-power:PRECTOTCORR
Cai Lon,kien-giang,9.882400,105.185200,2024-04-25,4,0.91060463,-0.41327861,0.53000000,0.52666667,0.52000000,0.01000000,0.07000000,0.12000000,7,3.84000000,3.84000000,2.40000000,historical_station_dataset,open-meteo:river_discharge|nasa-power:PRECTOTCORR
Cai Lon,kien-giang,9.882400,105.185200,2024-04-30,4,0.87170632,-0.49002867,0.55000000,0.55000000,0.53857143,0.50000000,0.52000000,0.59000000,7,3.84000000,3.84000000,1.10000000,historical_station_dataset,open-meteo:river_discharge|nasa-power:PRECTOTCORR
Vung Liem,vinh-long,10.114500,106.183400,2024-01-15,1,0.25535330,0.96684781,0.00000000,0.00000000,0.00142857,0.00000000,0.00000000,0.00000000,7,2.81333333,2.81333333,0.10000000,historical_station_dataset,open-meteo:river_discharge|nasa-power:PRECTOTCORR
Vung Liem,vinh-long,10.114500,106.183400,2024-01-30,1,0.49377555,0.86958939,0.00000000,0.00000000,0.00000000,0.00000000,0.00000000,0.00000000,7,2.81333333,2.81333333,0.30000000,historical_station_dataset,open-meteo:river_discharge|nasa-power:PRECTOTCORR
Vung Liem,vinh-long,10.114500,106.183400,2024-02-15,2,0.71165662,0.70252747,0.00000000,0.00000000,0.00000000,0.00000000,0.00000000,0.00000000,7,2.81333333,2.81333333,0.80000000,historical_station_dataset,open-meteo:river_discharge|nasa-power:PRECTOTCORR
Vung Liem,vinh-long,10.114500,106.183400,2024-02-28,2,0.84981709,0.52707771,0.00000000,0.00000000,0.00000000,0.00000000,0.00000000,0.00000000,7,2.81333333,2.81333333,1.50000000,historical_station_dataset,open-meteo:river_discharge|nasa-power:PRECTOTCORR
Vung Liem,vinh-long,10.114500,106.183400,2024-03-10,3,0.93383723,0.35769824,0.00000000,0.00000000,0.00000000,0.00000000,0.00000000,0.00000000,7,2.81333333,2.81333333,2.40000000,historical_station_dataset,open-meteo:river_discharge|nasa-power:PRECTOTCORR
Vung Liem,vinh-long,10.114500,106.183400,2024-03-15,3,0.96112978,0.27609697,0.00000000,0.00000000,0.00000000,0.00000000,0.01000000,0.01000000,7,2.81333333,2.81333333,3.10000000,historical_station_dataset,open-meteo:river_discharge|nasa-power:PRECTOTCORR
Vung Liem,vinh-long,10.114500,106.183400,2024-03-20,3,0.98130647,0.19245158,0.00000000,0.00000000,0.00000000,0.00000000,0.00000000,0.00000000,7,2.81333333,2.81333333,4.20000000,historical_station_dataset,open-meteo:river_discharge|nasa-power:PRECTOTCORR
Vung Liem,vinh-long,10.114500,106.183400,2024-03-25,3,0.99421791,0.10738135,0.00000000,0.00000000,0.00000000,0.05000000,0.33000000,0.37000000,7,2.81333333,2.81333333,3.60000000,historical_station_dataset,open-meteo:river_discharge|nasa-power:PRECTOTCORR
Vung Liem,vinh-long,10.114500,106.183400,2024-03-30,3,0.99976850,0.02151610,0.00000000,0.00000000,0.00000000,0.05000000,0.25000000,0.35000000,7,2.81333333,2.81333333,4.90000000,historical_station_dataset,open-meteo:river_discharge|nasa-power:PRECTOTCORR
Vung Liem,vinh-long,10.114500,106.183400,2024-04-05,4,0.99665890,-0.08167640,0.00000000,0.00000000,0.00000000,0.10000000,1.59000000,2.82000000,6,2.81333333,2.81333333,5.40000000,historical_station_dataset,open-meteo:river_discharge|nasa-power:PRECTOTCORR
Vung Liem,vinh-long,10.114500,106.183400,2024-04-10,4,0.98594815,-0.16705163,0.00000000,0.00000000,0.00000000,0.00000000,0.00000000,0.19000000,7,2.81333333,2.81333333,5.80000000,historical_station_dataset,open-meteo:river_discharge|nasa-power:PRECTOTCORR
Vung Liem,vinh-long,10.114500,106.183400,2024-04-15,4,0.96793778,-0.25119006,0.00000000,0.00000000,0.00000000,0.05000000,0.12000000,0.24000000,7,2.81333333,2.81333333,4.50000000,historical_station_dataset,open-meteo:river_discharge|nasa-power:PRECTOTCORR
Vung Liem,vinh-long,10.114500,106.183400,2024-04-20,4,0.94276114,-0.33346878,0.00000000,0.00000000,0.00000000,0.00000000,0.00000000,0.12000000,7,2.81333333,2.81333333,3.10000000,historical_station_dataset,open-meteo:river_discharge|nasa-power:PRECTOTCORR
Vung Liem,vinh-long,10.114500,106.183400,2024-04-25,4,0.91060463,-0.41327861,0.00000000,0.00000000,0.00000000,0.00000000,0.00000000,0.00000000,7,2.81333333,2.81333333,1.80000000,historical_station_dataset,open-meteo:river_discharge|nasa-power:PRECTOTCORR
Vung Liem,vinh-long,10.114500,106.183400,2024-04-30,4,0.87170632,-0.49002867,0.00000000,0.00000000,0.00000000,0.14000000,0.15000000,0.16000000,7,2.81333333,2.81333333,0.70000000,historical_station_dataset,open-meteo:river_discharge|nasa-power:PRECTOTCORR
Son Doc,ben-tre,10.125600,106.412100,2024-01-15,1,0.25535330,0.96684781,0.02000000,0.02666667,0.03000000,0.00000000,0.00000000,0.00000000,7,15.59111111,10.50000000,3.20000000,historical_station_dataset,open-meteo:river_discharge|nasa-power:PRECTOTCORR
Son Doc,ben-tre,10.125600,106.412100,2024-01-30,1,0.49377555,0.86958939,0.00000000,0.00000000,0.00000000,0.00000000,0.00000000,0.00000000,7,15.59111111,10.50000000,4.50000000,historical_station_dataset,open-meteo:river_discharge|nasa-power:PRECTOTCORR
Son Doc,ben-tre,10.125600,106.412100,2024-02-15,2,0.71165662,0.70252747,0.00000000,0.00000000,0.00000000,0.00000000,0.00000000,0.00000000,7,15.59111111,10.50000000,6.10000000,historical_station_dataset,open-meteo:river_discharge|nasa-power:PRECTOTCORR
Son Doc,ben-tre,10.125600,106.412100,2024-02-28,2,0.84981709,0.52707771,0.00000000,0.00000000,0.00000000,0.00000000,0.00000000,0.00000000,7,15.59111111,10.50000000,8.40000000,historical_station_dataset,open-meteo:river_discharge|nasa-power:PRECTOTCORR
Son Doc,ben-tre,10.125600,106.412100,2024-03-10,3,0.93383723,0.35769824,0.00000000,0.00000000,0.00000000,0.00000000,0.00000000,0.00000000,7,15.59111111,10.50000000,10.30000000,historical_station_dataset,open-meteo:river_discharge|nasa-power:PRECTOTCORR
Son Doc,ben-tre,10.125600,106.412100,2024-03-15,3,0.96112978,0.27609697,0.00000000,0.00000000,0.00000000,0.00000000,0.01000000,0.01000000,7,15.59111111,10.50000000,11.80000000,historical_station_dataset,open-meteo:river_discharge|nasa-power:PRECTOTCORR
Son Doc,ben-tre,10.125600,106.412100,2024-03-20,3,0.98130647,0.19245158,0.00000000,0.00000000,0.00000000,0.00000000,0.00000000,0.00000000,7,15.59111111,10.50000000,13.90000000,historical_station_dataset,open-meteo:river_discharge|nasa-power:PRECTOTCORR
Son Doc,ben-tre,10.125600,106.412100,2024-03-25,3,0.99421791,0.10738135,0.00000000,0.00000000,0.00000000,0.05000000,0.33000000,0.37000000,7,15.59111111,10.50000000,12.50000000,historical_station_dataset,open-meteo:river_discharge|nasa-power:PRECTOTCORR
Son Doc,ben-tre,10.125600,106.412100,2024-03-30,3,0.99976850,0.02151610,0.00000000,0.00000000,0.00000000,0.05000000,0.25000000,0.35000000,7,15.59111111,10.50000000,14.80000000,historical_station_dataset,open-meteo:river_discharge|nasa-power:PRECTOTCORR
Son Doc,ben-tre,10.125600,106.412100,2024-04-05,4,0.99665890,-0.08167640,0.00000000,0.00000000,0.00000000,0.10000000,1.59000000,2.82000000,6,15.59111111,10.50000000,16.20000000,historical_station_dataset,open-meteo:river_discharge|nasa-power:PRECTOTCORR
Son Doc,ben-tre,10.125600,106.412100,2024-04-10,4,0.98594815,-0.16705163,0.00000000,0.00000000,0.00000000,0.00000000,0.00000000,0.19000000,7,15.59111111,10.50000000,17.10000000,historical_station_dataset,open-meteo:river_discharge|nasa-power:PRECTOTCORR
Son Doc,ben-tre,10.125600,106.412100,2024-04-15,4,0.96793778,-0.25119006,0.00000000,0.00000000,0.00000000,0.05000000,0.12000000,0.24000000,7,15.59111111,10.50000000,14.90000000,historical_station_dataset,open-meteo:river_discharge|nasa-power:PRECTOTCORR
Son Doc,ben-tre,10.125600,106.412100,2024-04-20,4,0.94276114,-0.33346878,0.00000000,0.00000000,0.00000000,0.00000000,0.00000000,0.12000000,7,15.59111111,10.50000000,11.30000000,historical_station_dataset,open-meteo:river_discharge|nasa-power:PRECTOTCORR
Son Doc,ben-tre,10.125600,106.412100,2024-04-25,4,0.91060463,-0.41327861,0.00000000,0.00000000,0.00000000,0.00000000,0.00000000,0.00000000,7,15.59111111,10.50000000,7.90000000,historical_station_dataset,open-meteo:river_discharge|nasa-power:PRECTOTCORR
Son Doc,ben-tre,10.125600,106.412100,2024-04-30,4,0.87170632,-0.49002867,0.00000000,0.00000000,0.00000000,0.14000000,0.15000000,0.16000000,7,15.59111111,10.50000000,4.60000000,historical_station_dataset,open-meteo:river_discharge|nasa-power:PRECTOTCORR
An Thuan,ben-tre,10.065400,106.587600,2024-01-15,1,0.25535330,0.96684781,0.02000000,0.02000000,0.02000000,0.03000000,0.03000000,0.03000000,7,15.59111111,17.08666667,8.10000000,historical_station_dataset,open-meteo:river_discharge|nasa-power:PRECTOTCORR
An Thuan,ben-tre,10.065400,106.587600,2024-01-30,1,0.49377555,0.86958939,0.00000000,0.00000000,0.00571429,0.00000000,0.00000000,0.06000000,7,15.59111111,17.08666667,9.70000000,historical_station_dataset,open-meteo:river_discharge|nasa-power:PRECTOTCORR
An Thuan,ben-tre,10.065400,106.587600,2024-02-15,2,0.71165662,0.70252747,0.00000000,0.00000000,0.00000000,0.00000000,0.00000000,0.00000000,7,15.59111111,17.08666667,11.40000000,historical_station_dataset,open-meteo:river_discharge|nasa-power:PRECTOTCORR
An Thuan,ben-tre,10.065400,106.587600,2024-02-28,2,0.84981709,0.52707771,0.00000000,0.00000000,0.00000000,0.01000000,0.12000000,0.12000000,7,15.59111111,17.08666667,14.20000000,historical_station_dataset,open-meteo:river_discharge|nasa-power:PRECTOTCORR
An Thuan,ben-tre,10.065400,106.587600,2024-03-10,3,0.93383723,0.35769824,0.00000000,0.00000000,0.00000000,0.01000000,0.01000000,0.03000000,7,15.59111111,17.08666667,16.50000000,historical_station_dataset,open-meteo:river_discharge|nasa-power:PRECTOTCORR
An Thuan,ben-tre,10.065400,106.587600,2024-03-15,3,0.96112978,0.27609697,0.00000000,0.00000000,0.00000000,0.01000000,0.02000000,0.03000000,7,15.59111111,17.08666667,18.30000000,historical_station_dataset,open-meteo:river_discharge|nasa-power:PRECTOTCORR
An Thuan,ben-tre,10.065400,106.587600,2024-03-20,3,0.98130647,0.19245158,0.00000000,0.00000000,0.00000000,0.00000000,0.00000000,0.02000000,7,15.59111111,17.08666667,21.20000000,historical_station_dataset,open-meteo:river_discharge|nasa-power:PRECTOTCORR
An Thuan,ben-tre,10.065400,106.587600,2024-03-25,3,0.99421791,0.10738135,0.00000000,0.00000000,0.00000000,0.13000000,0.37000000,0.43000000,7,15.59111111,17.08666667,19.80000000,historical_station_dataset,open-meteo:river_discharge|nasa-power:PRECTOTCORR
An Thuan,ben-tre,10.065400,106.587600,2024-03-30,3,0.99976850,0.02151610,0.00000000,0.00000000,0.00000000,0.15000000,0.71000000,0.95000000,7,15.59111111,17.08666667,22.40000000,historical_station_dataset,open-meteo:river_discharge|nasa-power:PRECTOTCORR
An Thuan,ben-tre,10.065400,106.587600,2024-04-05,4,0.99665890,-0.08167640,0.02000000,0.02000000,0.01428571,0.29000000,0.99000000,2.12000000,7,15.59111111,17.08666667,24.10000000,historical_station_dataset,open-meteo:river_discharge|nasa-power:PRECTOTCORR
An Thuan,ben-tre,10.065400,106.587600,2024-04-10,4,0.98594815,-0.16705163,0.02000000,0.02000000,0.02000000,0.00000000,0.00000000,0.56000000,7,15.59111111,17.08666667,24.90000000,historical_station_dataset,open-meteo:river_discharge|nasa-power:PRECTOTCORR
An Thuan,ben-tre,10.065400,106.587600,2024-04-15,4,0.96793778,-0.25119006,0.02000000,0.02000000,0.02000000,0.17000000,0.36000000,0.65000000,7,15.59111111,17.08666667,22.30000000,historical_station_dataset,open-meteo:river_discharge|nasa-power:PRECTOTCORR
An Thuan,ben-tre,10.065400,106.587600,2024-04-20,4,0.94276114,-0.33346878,0.02000000,0.02000000,0.02000000,0.00000000,0.01000000,0.37000000,7,15.59111111,17.08666667,18.70000000,historical_station_dataset,open-meteo:river_discharge|nasa-power:PRECTOTCORR
An Thuan,ben-tre,10.065400,106.587600,2024-04-25,4,0.91060463,-0.41327861,0.02000000,0.02000000,0.02000000,0.01000000,0.01000000,0.02000000,7,15.59111111,17.08666667,14.50000000,historical_station_dataset,open-meteo:river_discharge|nasa-power:PRECTOTCORR
An Thuan,ben-tre,10.065400,106.587600,2024-04-30,4,0.87170632,-0.49002867,0.02000000,0.02000000,0.02000000,0.04000000,0.08000000,0.14000000,7,15.59111111,17.08666667,10.20000000,historical_station_dataset,open-meteo:river_discharge|nasa-power:PRECTOTCORR
Binh Dai,ben-tre,10.182300,106.674300,2024-01-15,1,0.25535330,0.96684781,2.00000000,2.01333333,2.08142857,0.03000000,0.03000000,0.03000000,7,15.59111111,19.18666667,9.50000000,historical_station_dataset,open-meteo:river_discharge|nasa-power:PRECTOTCORR
Binh Dai,ben-tre,10.182300,106.674300,2024-01-30,1,0.49377555,0.86958939,1.19000000,1.26000000,1.40428571,0.00000000,0.00000000,0.06000000,7,15.59111111,19.18666667,11.20000000,historical_station_dataset,open-meteo:river_discharge|nasa-power:PRECTOTCORR
Binh Dai,ben-tre,10.182300,106.674300,2024-02-15,2,0.71165662,0.70252747,0.63000000,0.73666667,0.88857143,0.00000000,0.00000000,0.00000000,7,15.59111111,19.18666667,13.40000000,historical_station_dataset,open-meteo:river_discharge|nasa-power:PRECTOTCORR
Binh Dai,ben-tre,10.182300,106.674300,2024-02-28,2,0.84981709,0.52707771,0.26000000,0.31000000,0.37142857,0.01000000,0.12000000,0.12000000,7,15.59111111,19.18666667,16.50000000,historical_station_dataset,open-meteo:river_discharge|nasa-power:PRECTOTCORR
Binh Dai,ben-tre,10.182300,106.674300,2024-03-10,3,0.93383723,0.35769824,0.12000000,0.13333333,0.11714286,0.01000000,0.01000000,0.03000000,7,15.59111111,19.18666667,18.90000000,historical_station_dataset,open-meteo:river_discharge|nasa-power:PRECTOTCORR
Binh Dai,ben-tre,10.182300,106.674300,2024-03-15,3,0.96112978,0.27609697,0.00000000,0.00666667,0.04714286,0.01000000,0.02000000,0.03000000,7,15.59111111,19.18666667,20.80000000,historical_station_dataset,open-meteo:river_discharge|nasa-power:PRECTOTCORR
Binh Dai,ben-tre,10.182300,106.674300,2024-03-20,3,0.98130647,0.19245158,0.02000000,0.01333333,0.01142857,0.00000000,0.00000000,0.02000000,7,15.59111111,19.18666667,23.50000000,historical_station_dataset,open-meteo:river_discharge|nasa-power:PRECTOTCORR
Binh Dai,ben-tre,10.182300,106.674300,2024-03-25,3,0.99421791,0.10738135,0.00000000,0.00666667,0.00857143,0.13000000,0.37000000,0.43000000,7,15.59111111,19.18666667,22.10000000,historical_station_dataset,open-meteo:river_discharge|nasa-power:PRECTOTCORR
Binh Dai,ben-tre,10.182300,106.674300,2024-03-30,3,0.99976850,0.02151610,0.00000000,0.00000000,0.00285714,0.15000000,0.71000000,0.95000000,7,15.59111111,19.18666667,24.80000000,historical_station_dataset,open-meteo:river_discharge|nasa-power:PRECTOTCORR
Binh Dai,ben-tre,10.182300,106.674300,2024-04-05,4,0.99665890,-0.08167640,0.00000000,0.00000000,0.00000000,0.29000000,0.99000000,2.12000000,7,15.59111111,19.18666667,26.40000000,historical_station_dataset,open-meteo:river_discharge|nasa-power:PRECTOTCORR
Binh Dai,ben-tre,10.182300,106.674300,2024-04-10,4,0.98594815,-0.16705163,0.00000000,0.00000000,0.00000000,0.00000000,0.00000000,0.56000000,7,15.59111111,19.18666667,27.20000000,historical_station_dataset,open-meteo:river_discharge|nasa-power:PRECTOTCORR
Binh Dai,ben-tre,10.182300,106.674300,2024-04-15,4,0.96793778,-0.25119006,0.00000000,0.00000000,0.00000000,0.17000000,0.36000000,0.65000000,7,15.59111111,19.18666667,24.60000000,historical_station_dataset,open-meteo:river_discharge|nasa-power:PRECTOTCORR
Binh Dai,ben-tre,10.182300,106.674300,2024-04-20,4,0.94276114,-0.33346878,0.00000000,0.00000000,0.00000000,0.00000000,0.01000000,0.37000000,7,15.59111111,19.18666667,20.50000000,historical_station_dataset,open-meteo:river_discharge|nasa-power:PRECTOTCORR
Binh Dai,ben-tre,10.182300,106.674300,2024-04-25,4,0.91060463,-0.41327861,0.00000000,0.00000000,0.00000000,0.01000000,0.01000000,0.02000000,7,15.59111111,19.18666667,16.30000000,historical_station_dataset,open-meteo:river_discharge|nasa-power:PRECTOTCORR
Binh Dai,ben-tre,10.182300,106.674300,2024-04-30,4,0.87170632,-0.49002867,0.00000000,0.00000000,0.00000000,0.04000000,0.08000000,0.14000000,7,15.59111111,19.18666667,12.10000000,historical_station_dataset,open-meteo:river_discharge|nasa-power:PRECTOTCORR
Hoa Binh,bac-lieu,9.182400,105.621500,2024-01-15,1,0.25535330,0.96684781,0.09000000,0.09000000,0.09857143,0.01000000,0.01000000,0.01000000,7,20.62333333,19.44666667,10.20000000,historical_station_dataset,open-meteo:river_discharge|nasa-power:PRECTOTCORR
Hoa Binh,bac-lieu,9.182400,105.621500,2024-01-30,1,0.49377555,0.86958939,0.09000000,0.09000000,0.09000000,0.00000000,0.00000000,0.01000000,7,20.62333333,19.44666667,12.00000000,historical_station_dataset,open-meteo:river_discharge|nasa-power:PRECTOTCORR
Hoa Binh,bac-lieu,9.182400,105.621500,2024-02-15,2,0.71165662,0.70252747,0.09000000,0.09000000,0.09000000,0.00000000,0.00000000,0.00000000,7,20.62333333,19.44666667,14.50000000,historical_station_dataset,open-meteo:river_discharge|nasa-power:PRECTOTCORR
Hoa Binh,bac-lieu,9.182400,105.621500,2024-02-28,2,0.84981709,0.52707771,0.08000000,0.08000000,0.08428571,0.00000000,0.01000000,0.01000000,7,20.62333333,19.44666667,17.20000000,historical_station_dataset,open-meteo:river_discharge|nasa-power:PRECTOTCORR
Hoa Binh,bac-lieu,9.182400,105.621500,2024-03-10,3,0.93383723,0.35769824,0.08000000,0.08000000,0.08000000,0.00000000,0.03000000,0.06000000,7,20.62333333,19.44666667,19.80000000,historical_station_dataset,open-meteo:river_discharge|nasa-power:PRECTOTCORR
Hoa Binh,bac-lieu,9.182400,105.621500,2024-03-15,3,0.96112978,0.27609697,0.06000000,0.06000000,0.06571429,0.00000000,0.10000000,0.16000000,7,20.62333333,19.44666667,21.50000000,historical_station_dataset,open-meteo:river_discharge|nasa-power:PRECTOTCORR
Hoa Binh,bac-lieu,9.182400,105.621500,2024-03-20,3,0.98130647,0.19245158,0.06000000,0.06000000,0.06000000,0.00000000,0.00000000,0.04000000,7,20.62333333,19.44666667,23.20000000,historical_station_dataset,open-meteo:river_discharge|nasa-power:PRECTOTCORR
Hoa Binh,bac-lieu,9.182400,105.621500,2024-03-25,3,0.99421791,0.10738135,0.06000000,0.06000000,0.06000000,0.05000000,0.27000000,0.37000000,7,20.62333333,19.44666667,22.40000000,historical_station_dataset,open-meteo:river_discharge|nasa-power:PRECTOTCORR
Hoa Binh,bac-lieu,9.182400,105.621500,2024-03-30,3,0.99976850,0.02151610,0.06000000,0.06000000,0.06000000,0.31000000,0.78000000,1.03000000,7,20.62333333,19.44666667,23.90000000,historical_station_dataset,open-meteo:river_discharge|nasa-power:PRECTOTCORR
Hoa Binh,bac-lieu,9.182400,105.621500,2024-04-05,4,0.99665890,-0.08167640,0.06000000,0.06000000,0.06000000,0.10000000,0.19000000,1.98000000,7,20.62333333,19.44666667,25.10000000,historical_station_dataset,open-meteo:river_discharge|nasa-power:PRECTOTCORR
Hoa Binh,bac-lieu,9.182400,105.621500,2024-04-10,4,0.98594815,-0.16705163,0.06000000,0.06000000,0.06000000,0.00000000,0.01000000,0.14000000,7,20.62333333,19.44666667,25.80000000,historical_station_dataset,open-meteo:river_discharge|nasa-power:PRECTOTCORR
Hoa Binh,bac-lieu,9.182400,105.621500,2024-04-15,4,0.96793778,-0.25119006,0.06000000,0.06000000,0.06000000,0.03000000,0.17000000,0.37000000,7,20.62333333,19.44666667,24.00000000,historical_station_dataset,open-meteo:river_discharge|nasa-power:PRECTOTCORR
Hoa Binh,bac-lieu,9.182400,105.621500,2024-04-20,4,0.94276114,-0.33346878,0.06000000,0.06000000,0.06000000,0.00000000,0.00000000,0.12000000,7,20.62333333,19.44666667,21.20000000,historical_station_dataset,open-meteo:river_discharge|nasa-power:PRECTOTCORR
Hoa Binh,bac-lieu,9.182400,105.621500,2024-04-25,4,0.91060463,-0.41327861,0.06000000,0.06000000,0.06000000,0.01000000,0.01000000,0.01000000,7,20.62333333,19.44666667,17.50000000,historical_station_dataset,open-meteo:river_discharge|nasa-power:PRECTOTCORR
Hoa Binh,bac-lieu,9.182400,105.621500,2024-04-30,4,0.87170632,-0.49002867,0.06000000,0.06000000,0.06000000,0.86000000,0.90000000,0.94000000,7,20.62333333,19.44666667,13.40000000,historical_station_dataset,open-meteo:river_discharge|nasa-power:PRECTOTCORR
Cau Quan,tra-vinh,9.754200,106.211400,2024-01-15,1,0.25535330,0.96684781,0.25000000,0.25000000,0.25285714,0.00000000,0.00000000,0.00000000,7,6.88666667,5.21333333,0.80000000,historical_station_dataset,open-meteo:river_discharge|nasa-power:PRECTOTCORR
Cau Quan,tra-vinh,9.754200,106.211400,2024-01-30,1,0.49377555,0.86958939,0.23000000,0.23000000,0.23000000,0.00000000,0.00000000,0.00000000,7,6.88666667,5.21333333,1.50000000,historical_station_dataset,open-meteo:river_discharge|nasa-power:PRECTOTCORR
Cau Quan,tra-vinh,9.754200,106.211400,2024-02-15,2,0.71165662,0.70252747,0.20000000,0.20000000,0.21142857,0.00000000,0.00000000,0.00000000,7,6.88666667,5.21333333,2.40000000,historical_station_dataset,open-meteo:river_discharge|nasa-power:PRECTOTCORR
Cau Quan,tra-vinh,9.754200,106.211400,2024-02-28,2,0.84981709,0.52707771,0.19000000,0.19333333,0.19714286,0.00000000,0.00000000,0.00000000,7,6.88666667,5.21333333,3.90000000,historical_station_dataset,open-meteo:river_discharge|nasa-power:PRECTOTCORR
Cau Quan,tra-vinh,9.754200,106.211400,2024-03-10,3,0.93383723,0.35769824,0.19000000,0.19000000,0.19000000,0.00000000,0.00000000,0.00000000,7,6.88666667,5.21333333,5.10000000,historical_station_dataset,open-meteo:river_discharge|nasa-power:PRECTOTCORR
Cau Quan,tra-vinh,9.754200,106.211400,2024-03-15,3,0.96112978,0.27609697,0.14000000,0.14000000,0.15428571,0.00000000,0.01000000,0.01000000,7,6.88666667,5.21333333,6.20000000,historical_station_dataset,open-meteo:river_discharge|nasa-power:PRECTOTCORR
Cau Quan,tra-vinh,9.754200,106.211400,2024-03-20,3,0.98130647,0.19245158,0.14000000,0.14000000,0.14000000,0.00000000,0.00000000,0.00000000,7,6.88666667,5.21333333,7.50000000,historical_station_dataset,open-meteo:river_discharge|nasa-power:PRECTOTCORR
Cau Quan,tra-vinh,9.754200,106.211400,2024-03-25,3,0.99421791,0.10738135,0.14000000,0.14000000,0.14000000,0.05000000,0.33000000,0.37000000,7,6.88666667,5.21333333,6.80000000,historical_station_dataset,open-meteo:river_discharge|nasa-power:PRECTOTCORR
Cau Quan,tra-vinh,9.754200,106.211400,2024-03-30,3,0.99976850,0.02151610,0.12000000,0.12000000,0.12857143,0.05000000,0.25000000,0.35000000,7,6.88666667,5.21333333,8.10000000,historical_station_dataset,open-meteo:river_discharge|nasa-power:PRECTOTCORR
Cau Quan,tra-vinh,9.754200,106.211400,2024-04-05,4,0.99665890,-0.08167640,0.26000000,0.23666667,0.18714286,0.10000000,1.59000000,2.82000000,6,6.88666667,5.21333333,8.90000000,historical_station_dataset,open-meteo:river_discharge|nasa-power:PRECTOTCORR
Cau Quan,tra-vinh,9.754200,106.211400,2024-04-10,4,0.98594815,-0.16705163,0.33000000,0.31666667,0.28857143,0.00000000,0.00000000,0.19000000,7,6.88666667,5.21333333,9.30000000,historical_station_dataset,open-meteo:river_discharge|nasa-power:PRECTOTCORR
Cau Quan,tra-vinh,9.754200,106.211400,2024-04-15,4,0.96793778,-0.25119006,0.37000000,0.36666667,0.34571429,0.05000000,0.12000000,0.24000000,7,6.88666667,5.21333333,7.60000000,historical_station_dataset,open-meteo:river_discharge|nasa-power:PRECTOTCORR
Cau Quan,tra-vinh,9.754200,106.211400,2024-04-20,4,0.94276114,-0.33346878,0.41000000,0.39666667,0.38428571,0.00000000,0.00000000,0.12000000,7,6.88666667,5.21333333,5.40000000,historical_station_dataset,open-meteo:river_discharge|nasa-power:PRECTOTCORR
Cau Quan,tra-vinh,9.754200,106.211400,2024-04-25,4,0.91060463,-0.41327861,0.42000000,0.41666667,0.41000000,0.00000000,0.00000000,0.00000000,7,6.88666667,5.21333333,3.20000000,historical_station_dataset,open-meteo:river_discharge|nasa-power:PRECTOTCORR
Cau Quan,tra-vinh,9.754200,106.211400,2024-04-30,4,0.87170632,-0.49002867,0.42000000,0.42000000,0.42000000,0.14000000,0.15000000,0.16000000,7,6.88666667,5.21333333,1.50000000,historical_station_dataset,open-meteo:river_discharge|nasa-power:PRECTOTCORR
Long Phu,soc-trang,9.612400,106.124500,2024-01-15,1,0.25535330,0.96684781,0.02000000,0.02000000,0.02714286,0.00000000,0.00000000,0.00000000,7,10.21333333,9.14000000,2.50000000,historical_station_dataset,open-meteo:river_discharge|nasa-power:PRECTOTCORR
Long Phu,soc-trang,9.612400,106.124500,2024-01-30,1,0.49377555,0.86958939,0.00000000,0.00000000,0.00000000,0.00000000,0.00000000,0.00000000,7,10.21333333,9.14000000,3.80000000,historical_station_dataset,open-meteo:river_discharge|nasa-power:PRECTOTCORR
Long Phu,soc-trang,9.612400,106.124500,2024-02-15,2,0.71165662,0.70252747,0.00000000,0.00000000,0.00000000,0.00000000,0.00000000,0.00000000,7,10.21333333,9.14000000,5.20000000,historical_station_dataset,open-meteo:river_discharge|nasa-power:PRECTOTCORR
Long Phu,soc-trang,9.612400,106.124500,2024-02-28,2,0.84981709,0.52707771,0.00000000,0.00000000,0.00000000,0.00000000,0.00000000,0.00000000,7,10.21333333,9.14000000,7.10000000,historical_station_dataset,open-meteo:river_discharge|nasa-power:PRECTOTCORR
Long Phu,soc-trang,9.612400,106.124500,2024-03-10,3,0.93383723,0.35769824,0.00000000,0.00000000,0.00000000,0.00000000,0.00000000,0.00000000,7,10.21333333,9.14000000,8.80000000,historical_station_dataset,open-meteo:river_discharge|nasa-power:PRECTOTCORR
Long Phu,soc-trang,9.612400,106.124500,2024-03-15,3,0.96112978,0.27609697,0.00000000,0.00000000,0.00000000,0.00000000,0.01000000,0.01000000,7,10.21333333,9.14000000,10.10000000,historical_station_dataset,open-meteo:river_discharge|nasa-power:PRECTOTCORR
Long Phu,soc-trang,9.612400,106.124500,2024-03-20,3,0.98130647,0.19245158,0.00000000,0.00000000,0.00000000,0.00000000,0.00000000,0.01000000,7,10.21333333,9.14000000,12.40000000,historical_station_dataset,open-meteo:river_discharge|nasa-power:PRECTOTCORR
Long Phu,soc-trang,9.612400,106.124500,2024-03-25,3,0.99421791,0.10738135,0.00000000,0.00000000,0.00000000,0.08000000,0.30000000,0.37000000,7,10.21333333,9.14000000,11.20000000,historical_station_dataset,open-meteo:river_discharge|nasa-power:PRECTOTCORR
Long Phu,soc-trang,9.612400,106.124500,2024-03-30,3,0.99976850,0.02151610,0.00000000,0.00000000,0.00000000,0.13000000,0.52000000,0.76000000,7,10.21333333,9.14000000,13.10000000,historical_station_dataset,open-meteo:river_discharge|nasa-power:PRECTOTCORR
Long Phu,soc-trang,9.612400,106.124500,2024-04-05,4,0.99665890,-0.08167640,0.02000000,0.01333333,0.00571429,0.11000000,0.46000000,1.77000000,7,10.21333333,9.14000000,14.50000000,historical_station_dataset,open-meteo:river_discharge|nasa-power:PRECTOTCORR
Long Phu,soc-trang,9.612400,106.124500,2024-04-10,4,0.98594815,-0.16705163,0.05000000,0.04333333,0.03142857,0.00000000,0.00000000,0.22000000,7,10.21333333,9.14000000,15.20000000,historical_station_dataset,open-meteo:river_discharge|nasa-power:PRECTOTCORR
Long Phu,soc-trang,9.612400,106.124500,2024-04-15,4,0.96793778,-0.25119006,0.08000000,0.07333333,0.06142857,0.08000000,0.22000000,0.44000000,7,10.21333333,9.14000000,13.00000000,historical_station_dataset,open-meteo:river_discharge|nasa-power:PRECTOTCORR
Long Phu,soc-trang,9.612400,106.124500,2024-04-20,4,0.94276114,-0.33346878,0.11000000,0.10333333,0.09285714,0.00000000,0.00000000,0.19000000,7,10.21333333,9.14000000,9.80000000,historical_station_dataset,open-meteo:river_discharge|nasa-power:PRECTOTCORR
Long Phu,soc-trang,9.612400,106.124500,2024-04-25,4,0.91060463,-0.41327861,0.12000000,0.11333333,0.11142857,0.00000000,0.00000000,0.00000000,7,10.21333333,9.14000000,6.50000000,historical_station_dataset,open-meteo:river_discharge|nasa-power:PRECTOTCORR
Long Phu,soc-trang,9.612400,106.124500,2024-04-30,4,0.87170632,-0.49002867,0.12000000,0.12000000,0.11857143,0.14000000,0.17000000,0.20000000,7,10.21333333,9.14000000,3.90000000,historical_station_dataset,open-meteo:river_discharge|nasa-power:PRECTOTCORR
Go Cong,tien-giang,10.354100,106.692400,2024-01-15,1,0.25535330,0.96684781,0.20000000,0.20000000,0.20428571,0.02000000,0.02000000,0.02000000,7,9.35333333,12.50000000,4.50000000,historical_station_dataset,open-meteo:river_discharge|nasa-power:PRECTOTCORR
Go Cong,tien-giang,10.354100,106.692400,2024-01-30,1,0.49377555,0.86958939,0.19000000,0.19000000,0.19000000,0.00000000,0.00000000,0.08000000,7,9.35333333,12.50000000,5.90000000,historical_station_dataset,open-meteo:river_discharge|nasa-power:PRECTOTCORR
Go Cong,tien-giang,10.354100,106.692400,2024-02-15,2,0.71165662,0.70252747,0.17000000,0.17000000,0.17000000,0.00000000,0.00000000,0.00000000,7,9.35333333,12.50000000,7.80000000,historical_station_dataset,open-meteo:river_discharge|nasa-power:PRECTOTCORR
Go Cong,tien-giang,10.354100,106.692400,2024-02-28,2,0.84981709,0.52707771,0.16000000,0.16000000,0.16000000,0.00000000,0.08000000,0.08000000,7,9.35333333,12.50000000,10.20000000,historical_station_dataset,open-meteo:river_discharge|nasa-power:PRECTOTCORR
Go Cong,tien-giang,10.354100,106.692400,2024-03-10,3,0.93383723,0.35769824,0.14000000,0.14000000,0.14000000,0.00000000,0.00000000,0.01000000,7,9.35333333,12.50000000,12.50000000,historical_station_dataset,open-meteo:river_discharge|nasa-power:PRECTOTCORR
Go Cong,tien-giang,10.354100,106.692400,2024-03-15,3,0.96112978,0.27609697,0.09000000,0.09000000,0.10714286,0.00000000,0.00000000,0.00000000,7,9.35333333,12.50000000,14.10000000,historical_station_dataset,open-meteo:river_discharge|nasa-power:PRECTOTCORR
Go Cong,tien-giang,10.354100,106.692400,2024-03-20,3,0.98130647,0.19245158,0.09000000,0.09000000,0.09000000,0.00000000,0.00000000,0.00000000,7,9.35333333,12.50000000,16.40000000,historical_station_dataset,open-meteo:river_discharge|nasa-power:PRECTOTCORR
Go Cong,tien-giang,10.354100,106.692400,2024-03-25,3,0.99421791,0.10738135,0.09000000,0.09000000,0.09000000,0.03000000,0.16000000,0.20000000,7,9.35333333,12.50000000,15.00000000,historical_station_dataset,open-meteo:river_discharge|nasa-power:PRECTOTCORR
Go Cong,tien-giang,10.354100,106.692400,2024-03-30,3,0.99976850,0.02151610,0.09000000,0.09000000,0.09000000,0.03000000,0.17000000,0.22000000,7,9.35333333,12.50000000,17.20000000,historical_station_dataset,open-meteo:river_discharge|nasa-power:PRECTOTCORR
Go Cong,tien-giang,10.354100,106.692400,2024-04-05,4,0.99665890,-0.08167640,0.17000000,0.15666667,0.13000000,0.09000000,2.25000000,2.61000000,6,9.35333333,12.50000000,18.90000000,historical_station_dataset,open-meteo:river_discharge|nasa-power:PRECTOTCORR
Go Cong,tien-giang,10.354100,106.692400,2024-04-10,4,0.98594815,-0.16705163,0.22000000,0.20666667,0.19000000,0.00000000,0.00000000,0.15000000,7,9.35333333,12.50000000,19.50000000,historical_station_dataset,open-meteo:river_discharge|nasa-power:PRECTOTCORR
Go Cong,tien-giang,10.354100,106.692400,2024-04-15,4,0.96793778,-0.25119006,0.25000000,0.24333333,0.22714286,0.05000000,0.09000000,0.16000000,7,9.35333333,12.50000000,17.00000000,historical_station_dataset,open-meteo:river_discharge|nasa-power:PRECTOTCORR
Go Cong,tien-giang,10.354100,106.692400,2024-04-20,4,0.94276114,-0.33346878,0.25000000,0.25000000,0.25000000,0.00000000,0.00000000,0.09000000,7,9.35333333,12.50000000,13.20000000,historical_station_dataset,open-meteo:river_discharge|nasa-power:PRECTOTCORR
Go Cong,tien-giang,10.354100,106.692400,2024-04-25,4,0.91060463,-0.41327861,0.26000000,0.26000000,0.25714286,0.00000000,0.00000000,0.00000000,7,9.35333333,12.50000000,9.50000000,historical_station_dataset,open-meteo:river_discharge|nasa-power:PRECTOTCORR
Go Cong,tien-giang,10.354100,106.692400,2024-04-30,4,0.87170632,-0.49002867,0.28000000,0.27333333,0.26571429,0.01000000,0.01000000,0.01000000,7,9.35333333,12.50000000,5.80000000,historical_station_dataset,open-meteo:river_discharge|nasa-power:PRECTOTCORR
Xuan Hoa,tien-giang,10.312500,106.491200,2024-01-15,1,0.25535330,0.96684781,0.11000000,0.11333333,0.11714286,0.00000000,0.00000000,0.00000000,7,9.35333333,6.20666667,1.10000000,historical_station_dataset,open-meteo:river_discharge|nasa-power:PRECTOTCORR
Xuan Hoa,tien-giang,10.312500,106.491200,2024-01-30,1,0.49377555,0.86958939,0.06000000,0.06666667,0.07571429,0.00000000,0.00000000,0.01000000,7,9.35333333,6.20666667,1.90000000,historical_station_dataset,open-meteo:river_discharge|nasa-power:PRECTOTCORR
Xuan Hoa,tien-giang,10.312500,106.491200,2024-02-15,2,0.71165662,0.70252747,0.03000000,0.04333333,0.05000000,0.00000000,0.00000000,0.00000000,7,9.35333333,6.20666667,3.20000000,historical_station_dataset,open-meteo:river_discharge|nasa-power:PRECTOTCORR
Xuan Hoa,tien-giang,10.312500,106.491200,2024-02-28,2,0.84981709,0.52707771,0.02000000,0.02000000,0.02571429,0.00000000,0.01000000,0.01000000,7,9.35333333,6.20666667,4.80000000,historical_station_dataset,open-meteo:river_discharge|nasa-power:PRECTOTCORR
Xuan Hoa,tien-giang,10.312500,106.491200,2024-03-10,3,0.93383723,0.35769824,0.02000000,0.02000000,0.02000000,0.00000000,0.00000000,0.00000000,7,9.35333333,6.20666667,6.20000000,historical_station_dataset,open-meteo:river_discharge|nasa-power:PRECTOTCORR
Xuan Hoa,tien-giang,10.312500,106.491200,2024-03-15,3,0.96112978,0.27609697,0.00000000,0.00000000,0.00571429,0.00000000,0.00000000,0.00000000,7,9.35333333,6.20666667,7.30000000,historical_station_dataset,open-meteo:river_discharge|nasa-power:PRECTOTCORR
Xuan Hoa,tien-giang,10.312500,106.491200,2024-03-20,3,0.98130647,0.19245158,0.00000000,0.00000000,0.00000000,0.00000000,0.00000000,0.00000000,7,9.35333333,6.20666667,8.90000000,historical_station_dataset,open-meteo:river_discharge|nasa-power:PRECTOTCORR
Xuan Hoa,tien-giang,10.312500,106.491200,2024-03-25,3,0.99421791,0.10738135,0.00000000,0.00000000,0.00000000,0.01000000,0.24000000,0.26000000,7,9.35333333,6.20666667,7.80000000,historical_station_dataset,open-meteo:river_discharge|nasa-power:PRECTOTCORR
Xuan Hoa,tien-giang,10.312500,106.491200,2024-03-30,3,0.99976850,0.02151610,0.00000000,0.00000000,0.00000000,0.01000000,0.06000000,0.07000000,7,9.35333333,6.20666667,9.50000000,historical_station_dataset,open-meteo:river_discharge|nasa-power:PRECTOTCORR
Xuan Hoa,tien-giang,10.312500,106.491200,2024-04-05,4,0.99665890,-0.08167640,0.02000000,0.00666667,0.00285714,0.03000000,3.29000000,4.32000000,6,9.35333333,6.20666667,10.40000000,historical_station_dataset,open-meteo:river_discharge|nasa-power:PRECTOTCORR
Xuan Hoa,tien-giang,10.312500,106.491200,2024-04-10,4,0.98594815,-0.16705163,0.02000000,0.02000000,0.01714286,0.00000000,0.00000000,0.05000000,7,9.35333333,6.20666667,11.00000000,historical_station_dataset,open-meteo:river_discharge|nasa-power:PRECTOTCORR
Xuan Hoa,tien-giang,10.312500,106.491200,2024-04-15,4,0.96793778,-0.25119006,0.02000000,0.02000000,0.02000000,0.01000000,0.02000000,0.04000000,7,9.35333333,6.20666667,9.10000000,historical_station_dataset,open-meteo:river_discharge|nasa-power:PRECTOTCORR
Xuan Hoa,tien-giang,10.312500,106.491200,2024-04-20,4,0.94276114,-0.33346878,0.02000000,0.02000000,0.02000000,0.00000000,0.00000000,0.02000000,7,9.35333333,6.20666667,6.40000000,historical_station_dataset,open-meteo:river_discharge|nasa-power:PRECTOTCORR
Xuan Hoa,tien-giang,10.312500,106.491200,2024-04-25,4,0.91060463,-0.41327861,0.02000000,0.02000000,0.02000000,0.00000000,0.00000000,0.00000000,7,9.35333333,6.20666667,3.80000000,historical_station_dataset,open-meteo:river_discharge|nasa-power:PRECTOTCORR
Xuan Hoa,tien-giang,10.312500,106.491200,2024-04-30,4,0.87170632,-0.49002867,0.02000000,0.02000000,0.02000000,0.06000000,0.06000000,0.06000000,7,9.35333333,6.20666667,1.70000000,historical_station_dataset,open-meteo:river_discharge|nasa-power:PRECTOTCORR
