station,province,latitude,longitude,recorded_date,salinity_gpl
Ganh Hao,bac-lieu,9.2512,105.7144,2024-01-15,12.5
Ganh Hao,bac-lieu,9.2512,105.7144,2024-01-30,14.2
Ganh Hao,bac-lieu,9.2512,105.7144,2024-02-15,16.8
Ganh Hao,bac-lieu,9.2512,105.7144,2024-02-28,19.5
Ganh Hao,bac-lieu,9.2512,105.7144,2024-03-10,22.1
Ganh Hao,bac-lieu,9.2512,105.7144,2024-03-15,24.3
Ganh Hao,bac-lieu,9.2512,105.7144,2024-03-20,25.8
Ganh Hao,bac-lieu,9.2512,105.7144,2024-03-25,24.9
Ganh Hao,bac-lieu,9.2512,105.7144,2024-03-30,26.2
Ganh Hao,bac-lieu,9.2512,105.7144,2024-04-05,27.5
Ganh Hao,bac-lieu,9.2512,105.7144,2024-04-10,28.1
Ganh Hao,bac-lieu,9.2512,105.7144,2024-04-15,26.7
Ganh Hao,bac-lieu,9.2512,105.7144,2024-04-20,23.4
Ganh Hao,bac-lieu,9.2512,105.7144,2024-04-25,19.8
Ganh Hao,bac-lieu,9.2512,105.7144,2024-04-30,15.2
Dai Ngai,soc-trang,9.6583,106.0642,2024-01-15,1.2
Dai Ngai,soc-trang,9.6583,106.0642,2024-01-30,2.1
Dai Ngai,soc-trang,9.6583,106.0642,2024-02-15,3.5
Dai Ngai,soc-trang,9.6583,106.0642,2024-02-28,4.8
Dai Ngai,soc-trang,9.6583,106.0642,2024-03-10,5.9
Dai Ngai,soc-trang,9.6583,106.0642,2024-03-15,6.8
Dai Ngai,soc-trang,9.6583,106.0642,2024-03-20,8.2
Dai Ngai,soc-trang,9.6583,106.0642,2024-03-25,7.4
Dai Ngai,soc-trang,9.6583,106.0642,2024-03-30,8.9
Dai Ngai,soc-trang,9.6583,106.0642,2024-04-05,9.5
Dai Ngai,soc-trang,9.6583,106.0642,2024-04-10,10.2
Dai Ngai,soc-trang,9.6583,106.0642,2024-04-15,8.7
Dai Ngai,soc-trang,9.6583,106.0642,2024-04-20,6.1
Dai Ngai,soc-trang,9.6583,106.0642,2024-04-25,4.3
Dai Ngai,soc-trang,9.6583,106.0642,2024-04-30,2.5
Tran De,soc-trang,9.4741,106.2056,2024-01-15,6.4
Tran De,soc-trang,9.4741,106.2056,2024-01-30,7.8
Tran De,soc-trang,9.4741,106.2056,2024-02-15,9.5
Tran De,soc-trang,9.4741,106.2056,2024-02-28,12.3
Tran De,soc-trang,9.4741,106.2056,2024-03-10,14.8
Tran De,soc-trang,9.4741,106.2056,2024-03-15,16.2
Tran De,soc-trang,9.4741,106.2056,2024-03-20,19.5
Tran De,soc-trang,9.4741,106.2056,2024-03-25,18.1
Tran De,soc-trang,9.4741,106.2056,2024-03-30,20.4
Tran De,soc-trang,9.4741,106.2056,2024-04-05,22.3
Tran De,soc-trang,9.4741,106.2056,2024-04-10,23.5
Tran De,soc-trang,9.4741,106.2056,2024-04-15,21.0
Tran De,soc-trang,9.4741,106.2056,2024-04-20,17.6
Tran De,soc-trang,9.4741,106.2056,2024-04-25,13.2
Tran De,soc-trang,9.4741,106.2056,2024-04-30,9.8
Ben Trai,tra-vinh,9.8451,106.3622,2024-01-15,2.1
Ben Trai,tra-vinh,9.8451,106.3622,2024-01-30,3.4
Ben Trai,tra-vinh,9.8451,106.3622,2024-02-15,4.9
Ben Trai,tra-vinh,9.8451,106.3622,2024-02-28,6.8
Ben Trai,tra-vinh,9.8451,106.3622,2024-03-10,8.2
Ben Trai,tra-vinh,9.8451,106.3622,2024-03-15,9.5
Ben Trai,tra-vinh,9.8451,106.3622,2024-03-20,11.2
Ben Trai,tra-vinh,9.8451,106.3622,2024-03-25,10.1
Ben Trai,tra-vinh,9.8451,106.3622,2024-03-30,12.4
Ben Trai,tra-vinh,9.8451,106.3622,2024-04-05,13.8
Ben Trai,tra-vinh,9.8451,106.3622,2024-04-10,14.5
Ben Trai,tra-vinh,9.8451,106.3622,2024-04-15,12.1
Ben Trai,tra-vinh,9.8451,106.3622,2024-04-20,9.4
Ben Trai,tra-vinh,9.8451,106.3622,2024-04-25,6.2
Ben Trai,tra-vinh,9.8451,106.3622,2024-04-30,3.8
Cai Lon,kien-giang,9.8824,105.1852,2024-01-15,0.5
Cai Lon,kien-giang,9.8824,105.1852,2024-01-30,0.9
Cai Lon,kien-giang,9.8824,105.1852,2024-02-15,1.8
Cai Lon,kien-giang,9.8824,105.1852,2024-02-28,2.7
Cai Lon,kien-giang,9.8824,105.1852,2024-03-10,3.6
Cai Lon,kien-giang,9.8824,105.1852,2024-03-15,4.2
Cai Lon,kien-giang,9.8824,105.1852,2024-03-20,5.5
Cai Lon,kien-giang,9.8824,105.1852,2024-03-25,4.9
Cai Lon,kien-giang,9.8824,105.1852,2024-03-30,6.1
Cai Lon,kien-giang,9.8824,105.1852,2024-04-05,6.8
Cai Lon,kien-giang,9.8824,105.1852,2024-04-10,7.2
Cai Lon,kien-giang,9.8824,105.1852,2024-04-15,5.8
Cai Lon,kien-giang,9.8824,105.1852,2024-04-20,4.1
Cai Lon,kien-giang,9.8824,105.1852,2024-04-25,2.4
Cai Lon,kien-giang,9.8824,105.1852,2024-04-30,1.1
Vung Liem,vinh-long,10.1145,106.1834,2024-01-15,0.1
Vung Liem,vinh-long,10.1145,106.1834,2024-01-30,0.3
Vung Liem,vinh-long,10.1145,106.1834,2024-02-15,0.8
Vung Liem,vinh-long,10.1145,106.1834,2024-02-28,1.5
Vung Liem,vinh-long,10.1145,106.1834,2024-03-10,2.4
Vung Liem,vinh-long,10.1145,106.1834,2024-03-15,3.1
Vung Liem,vinh-long,10.1145,106.1834,2024-03-20,4.2
Vung Liem,vinh-long,10.1145,106.1834,2024-03-25,3.6
Vung Liem,vinh-long,10.1145,106.1834,2024-03-30,4.9
Vung Liem,vinh-long,10.1145,106.1834,2024-04-05,5.4
Vung Liem,vinh-long,10.1145,106.1834,2024-04-10,5.8
Vung Liem,vinh-long,10.1145,106.1834,2024-04-15,4.5
Vung Liem,vinh-long,10.1145,106.1834,2024-04-20,3.1
Vung Liem,vinh-long,10.1145,106.1834,2024-04-25,1.8
Vung Liem,vinh-long,10.1145,106.1834,2024-04-30,0.7
Son Doc,ben-tre,10.1256,106.4121,2024-01-15,3.2
Son Doc,ben-tre,10.1256,106.4121,2024-01-30,4.5
Son Doc,ben-tre,10.1256,106.4121,2024-02-15,6.1
Son Doc,ben-tre,10.1256,106.4121,2024-02-28,8.4
Son Doc,ben-tre,10.1256,106.4121,2024-03-10,10.3
Son Doc,ben-tre,10.1256,106.4121,2024-03-15,11.8
Son Doc,ben-tre,10.1256,106.4121,2024-03-20,13.9
Son Doc,ben-tre,10.1256,106.4121,2024-03-25,12.5
Son Doc,ben-tre,10.1256,106.4121,2024-03-30,14.8
Son Doc,ben-tre,10.1256,106.4121,2024-04-05,16.2
Son Doc,ben-tre,10.1256,106.4121,2024-04-10,17.1
Son Doc,ben-tre,10.1256,106.4121,2024-04-15,14.9
Son Doc,ben-tre,10.1256,106.4121,2024-04-20,11.3
Son Doc,ben-tre,10.1256,106.4121,2024-04-25,7.9
Son Doc,ben-tre,10.1256,106.4121,2024-04-30,4.6
An Thuan,ben-tre,10.0654,106.5876,2024-01-15,8.1
An Thuan,ben-tre,10.0654,106.5876,2024-01-30,9.7
An Thuan,ben-tre,10.0654,106.5876,2024-02-15,11.4
An Thuan,ben-tre,10.0654,106.5876,2024-02-28,14.2
An Thuan,ben-tre,10.0654,106.5876,2024-03-10,16.5
An Thuan,ben-tre,10.0654,106.5876,2024-03-15,18.3
An Thuan,ben-tre,10.0654,106.5876,2024-03-20,21.2
An Thuan,ben-tre,10.0654,106.5876,2024-03-25,19.8
An Thuan,ben-tre,10.0654,106.5876,2024-03-30,22.4
An Thuan,ben-tre,10.0654,106.5876,2024-04-05,24.1
An Thuan,ben-tre,10.0654,106.5876,2024-04-10,24.9
An Thuan,ben-tre,10.0654,106.5876,2024-04-15,22.3
An Thuan,ben-tre,10.0654,106.5876,2024-04-20,18.7
An Thuan,ben-tre,10.0654,106.5876,2024-04-25,14.5
An Thuan,ben-tre,10.0654,106.5876,2024-04-30,10.2
Binh Dai,ben-tre,10.1823,106.6743,2024-01-15,9.5
Binh Dai,ben-tre,10.1823,106.6743,2024-01-30,11.2
Binh Dai,ben-tre,10.1823,106.6743,2024-02-15,13.4
Binh Dai,ben-tre,10.1823,106.6743,2024-02-28,16.5
Binh Dai,ben-tre,10.1823,106.6743,2024-03-10,18.9
Binh Dai,ben-tre,10.1823,106.6743,2024-03-15,20.8
Binh Dai,ben-tre,10.1823,106.6743,2024-03-20,23.5
Binh Dai,ben-tre,10.1823,106.6743,2024-03-25,22.1
Binh Dai,ben-tre,10.1823,106.6743,2024-03-30,24.8
Binh Dai,ben-tre,10.1823,106.6743,2024-04-05,26.4
Binh Dai,ben-tre,10.1823,106.6743,2024-04-10,27.2
Binh Dai,ben-tre,10.1823,106.6743,2024-04-15,24.6
Binh Dai,ben-tre,10.1823,106.6743,2024-04-20,20.5
Binh Dai,ben-tre,10.1823,106.6743,2024-04-25,16.3
Binh Dai,ben-tre,10.1823,106.6743,2024-04-30,12.1
Hoa Binh,bac-lieu,9.1824,105.6215,2024-01-15,10.2
Hoa Binh,bac-lieu,9.1824,105.6215,2024-01-30,12.0
Hoa Binh,bac-lieu,9.1824,105.6215,2024-02-15,14.5
Hoa Binh,bac-lieu,9.1824,105.6215,2024-02-28,17.2
Hoa Binh,bac-lieu,9.1824,105.6215,2024-03-10,19.8
Hoa Binh,bac-lieu,9.1824,105.6215,2024-03-15,21.5
Hoa Binh,bac-lieu,9.1824,105.6215,2024-03-20,23.2
Hoa Binh,bac-lieu,9.1824,105.6215,2024-03-25,22.4
Hoa Binh,bac-lieu,9.1824,105.6215,2024-03-30,23.9
Hoa Binh,bac-lieu,9.1824,105.6215,2024-04-05,25.1
Hoa Binh,bac-lieu,9.1824,105.6215,2024-04-10,25.8
Hoa Binh,bac-lieu,9.1824,105.6215,2024-04-15,24.0
Hoa Binh,bac-lieu,9.1824,105.6215,2024-04-20,21.2
Hoa Binh,bac-lieu,9.1824,105.6215,2024-04-25,17.5
Hoa Binh,bac-lieu,9.1824,105.6215,2024-04-30,13.4
Cau Quan,tra-vinh,9.7542,106.2114,2024-01-15,0.8
Cau Quan,tra-vinh,9.7542,106.2114,2024-01-30,1.5
Cau Quan,tra-vinh,9.7542,106.2114,2024-02-15,2.4
Cau Quan,tra-vinh,9.7542,106.2114,2024-02-28,3.9
Cau Quan,tra-vinh,9.7542,106.2114,2024-03-10,5.1
Cau Quan,tra-vinh,9.7542,106.2114,2024-03-15,6.2
Cau Quan,tra-vinh,9.7542,106.2114,2024-03-20,7.5
Cau Quan,tra-vinh,9.7542,106.2114,2024-03-25,6.8
Cau Quan,tra-vinh,9.7542,106.2114,2024-03-30,8.1
Cau Quan,tra-vinh,9.7542,106.2114,2024-04-05,8.9
Cau Quan,tra-vinh,9.7542,106.2114,2024-04-10,9.3
Cau Quan,tra-vinh,9.7542,106.2114,2024-04-15,7.6
Cau Quan,tra-vinh,9.7542,106.2114,2024-04-20,5.4
Cau Quan,tra-vinh,9.7542,106.2114,2024-04-25,3.2
Cau Quan,tra-vinh,9.7542,106.2114,2024-04-30,1.5
Long Phu,soc-trang,9.6124,106.1245,2024-01-15,2.5
Long Phu,soc-trang,9.6124,106.1245,2024-01-30,3.8
Long Phu,soc-trang,9.6124,106.1245,2024-02-15,5.2
Long Phu,soc-trang,9.6124,106.1245,2024-02-28,7.1
Long Phu,soc-trang,9.6124,106.1245,2024-03-10,8.8
Long Phu,soc-trang,9.6124,106.1245,2024-03-15,10.1
Long Phu,soc-trang,9.6124,106.1245,2024-03-20,12.4
Long Phu,soc-trang,9.6124,106.1245,2024-03-25,11.2
Long Phu,soc-trang,9.6124,106.1245,2024-03-30,13.1
Long Phu,soc-trang,9.6124,106.1245,2024-04-05,14.5
Long Phu,soc-trang,9.6124,106.1245,2024-04-10,15.2
Long Phu,soc-trang,9.6124,106.1245,2024-04-15,13.0
Long Phu,soc-trang,9.6124,106.1245,2024-04-20,9.8
Long Phu,soc-trang,9.6124,106.1245,2024-04-25,6.5
Long Phu,soc-trang,9.6124,106.1245,2024-04-30,3.9
Go Cong,tien-giang,10.3541,106.6924,2024-01-15,4.5
Go Cong,tien-giang,10.3541,106.6924,2024-01-30,5.9
Go Cong,tien-giang,10.3541,106.6924,2024-02-15,7.8
Go Cong,tien-giang,10.3541,106.6924,2024-02-28,10.2
Go Cong,tien-giang,10.3541,106.6924,2024-03-10,12.5
Go Cong,tien-giang,10.3541,106.6924,2024-03-15,14.1
Go Cong,tien-giang,10.3541,106.6924,2024-03-20,16.4
Go Cong,tien-giang,10.3541,106.6924,2024-03-25,15.0
Go Cong,tien-giang,10.3541,106.6924,2024-03-30,17.2
Go Cong,tien-giang,10.3541,106.6924,2024-04-05,18.9
Go Cong,tien-giang,10.3541,106.6924,2024-04-10,19.5
Go Cong,tien-giang,10.3541,106.6924,2024-04-15,17.0
Go Cong,tien-giang,10.3541,106.6924,2024-04-20,13.2
Go Cong,tien-giang,10.3541,106.6924,2024-04-25,9.5
Go Cong,tien-giang,10.3541,106.6924,2024-04-30,5.8
Xuan Hoa,tien-giang,10.3125,106.4912,2024-01-15,1.1
Xuan Hoa,tien-giang,10.3125,106.4912,2024-01-30,1.9
Xuan Hoa,tien-giang,10.3125,106.4912,2024-02-15,3.2
Xuan Hoa,tien-giang,10.3125,106.4912,2024-02-28,4.8
Xuan Hoa,tien-giang,10.3125,106.4912,2024-03-10,6.2
Xuan Hoa,tien-giang,10.3125,106.4912,2024-03-15,7.3
Xuan Hoa,tien-giang,10.3125,106.4912,2024-03-20,8.9
Xuan Hoa,tien-giang,10.3125,106.4912,2024-03-25,7.8
Xuan Hoa,tien-giang,10.3125,106.4912,2024-03-30,9.5
Xuan Hoa,tien-giang,10.3125,106.4912,2024-04-05,10.4
Xuan Hoa,tien-giang,10.3125,106.4912,2024-04-10,11.0
Xuan Hoa,tien-giang,10.3125,106.4912,2024-04-15,9.1
Xuan Hoa,tien-giang,10.3125,106.4912,2024-04-20,6.4
Xuan Hoa,tien-giang,10.3125,106.4912,2024-04-25,3.8
Xuan Hoa,tien-giang,10.3125,106.4912,2024-04-30,1.7